{"version":2,"hash":{"type":"Buffer","data":"Wp5AODg/GmtqSq3zSRXi90zguqqfa0jfeLx3ajLz40jGmJLCyfKcVZ4cHiDAKREMxzz8yCJkTWUEijgAqWyGp5BangZTmaSXDCTomPinnmp0bMh+pGsTUUdlgvP+y4UAU1yHaQLHwM8oZ+D8+U6Hct8eJofM8VxkPYCGzFhjjtw="},"indexValueMap":{"i2FyaiGSfRLDCWq0uEd871tZFr3YYJJYbxegWIwyfk0=":{"valueMac":{"type":"Buffer","data":"jxk8wtaxu1wzFRfTKsAM1KryCaGSqQ5v2RE3qjIyPx8="}},"b0ZibjNHGQjATrEkjkxCnTf5lxcrQx4KgVPYl8UoJ7o=":{"valueMac":{"type":"Buffer","data":"QJNqN9CNh5OLNp+RC04BGWFny/mnvH7qMAKYl5/VXaQ="}},"5Cw/iX5+Q0yLZ/BiaLDMWXL51pDHlCj8N7+j/2t97Wo=":{"valueMac":{"type":"Buffer","data":"ylC6Dtv5qeW2rpjxUw5nj2tKn4RUJ+L/ilUomA2PxFc="}},"Yc+X4G+FOHmV+7KvA23CSkz9uWeEslwqN7aV4bYEDaM=":{"valueMac":{"type":"Buffer","data":"kurzrMArRgYPjm3PffXrs3J8Jdc/uZK/p28Gs5vGrTI="}},"YTyquOY3iB3/XUKEegHqcx34qsKmkXecEXNc/yTldx0=":{"valueMac":{"type":"Buffer","data":"WFQJGwFD6xwfoYs658/YVbNazfWrk71yJzZd2yffL14="}},"ZS9hR270XyKUSUSOOn5b3Yf9zK1kwgt2AqjrHdAcwuU=":{"valueMac":{"type":"Buffer","data":"nwFSPxSMaNklLDF134X1fWc+9YIuSbiTKnDq/EZo0hY="}},"+5+ujvtrANtXzElKXoFe+gvr8poE6lo6CVwy0DO9AkQ=":{"valueMac":{"type":"Buffer","data":"VcqtAybZ+kSYzcP/FW8Az4ZDhsbD8jNezTU0aOEpZ5o="}}}}