{"noiseKey":{"private":{"type":"Buffer","data":"4FD66yfvYh8EfzMRyzZjPZhc8eyaGYO+8zDPR1Dpt28="},"public":{"type":"Buffer","data":"4GwjUjGtU0BmnqzOrRdzM18RlCHDmVur6l3mFkkZuHw="}},"pairingEphemeralKeyPair":{"private":{"type":"Buffer","data":"kC/uptELpa1d/vUsY9O+wNJmqLg8l4P2RQQD/bAaJ3s="},"public":{"type":"Buffer","data":"czyzwLbM+G6BT6hRWbPSKb9OzCyDT+ouWNDeno+Rrnc="}},"signedIdentityKey":{"private":{"type":"Buffer","data":"gLDlaNMmDN3LQhZLFdYCLRlJlv1+KfuaorHGptI391Q="},"public":{"type":"Buffer","data":"yjr2MWrryGvnzatCr/jAL/ifFVO1zouMAm7yW+IPNSA="}},"signedPreKey":{"keyPair":{"private":{"type":"Buffer","data":"4Jo1f0QnuXfba3CBM9Tv68eHuOH1/uhc4f24ZFVmNHA="},"public":{"type":"Buffer","data":"dIplcWIJP6sCOsY5ny/srvssQMzfKt6ZoYzBVuqg9XA="}},"signature":{"type":"Buffer","data":"gi78zsmsDzlgKu2lAf9DNuO08vBZkTJRFnuJ3Vnyhp4sZfXHES85IpmEvakgU4GGvgIQhN18EqL+r3LpxlIIig=="},"keyId":1},"registrationId":104,"advSecretKey":"SkN+XJjLnq8uuQMovdIAlaadaPRGTVcH4B62PBNyW6k=","processedHistoryMessages":[{"key":{"remoteJid":"593997767513@s.whatsapp.net","fromMe":true,"id":"CD9B488BC1F14D8DEFFBB9C96954E028"},"messageTimestamp":1739594567},{"key":{"remoteJid":"593997767513@s.whatsapp.net","fromMe":true,"id":"ACD56643968F9E800EA260F0F3666503"},"messageTimestamp":1739594567},{"key":{"remoteJid":"593997767513@s.whatsapp.net","fromMe":true,"id":"C8C4CA96FD33FEEB1F517B1602E70D49"},"messageTimestamp":1739594568},{"key":{"remoteJid":"593997767513@s.whatsapp.net","fromMe":true,"id":"8E1B3465D0B61C6CDF300D6FF92114F4"},"messageTimestamp":1739594568}],"nextPreKeyId":31,"firstUnuploadedPreKeyId":31,"accountSyncCounter":1,"accountSettings":{"unarchiveChats":false},"registered":false,"account":{"details":"CPv/x/MGEL+2wL0GGAEgACgA","accountSignatureKey":"55MPZKg7/zGy5HNiNVu6MppmKWUtzlYubuzdN51dSH4=","accountSignature":"53Mv1GmIbA+iYN4nJ0YyCMYy8LSOrlVmS9gTcue+0tAako3SNYvWGjxf6LsveTkzhTLDcqHBuhiMq2VrnVpkBw==","deviceSignature":"etkrR69BELXkVt/HesGB1XMhbEVb6cM2H2OUIZjWV9eT4ImLKCNsqO4zQ/a6DvrfTE/aRuCoKPRxJAw6zzr8gQ=="},"me":{"id":"593997767513:11@s.whatsapp.net","name":"Phantom BOT","lid":"185130840789049:11@lid"},"signalIdentities":[{"identifier":{"name":"593997767513:11@s.whatsapp.net","deviceId":0},"identifierKey":{"type":"Buffer","data":"BeeTD2SoO/8xsuRzYjVbujKaZillLc5WLm7s3TedXUh+"}}],"platform":"smba","routingInfo":{"type":"Buffer","data":"CBIIBQ=="},"lastAccountSyncTimestamp":1739594820,"lastPropHash":"3R9Z39","myAppStateKeyId":"AAAAAB+z"}