{"_sessions":{"Bfi8eP8DDPzruq50lHzgCwZrM6ddpr1XKdhcbDDoRsxp":{"registrationId":2022045260,"currentRatchet":{"ephemeralKeyPair":{"pubKey":"BeQT4GdaSXYdYA8a73AEeod+ZUldUkvysEs4lNT0Nr5E","privKey":"KEOTod4RnGzYPVD1K8KQwKzZodRrkE5lPaHbdif23WQ="},"lastRemoteEphemeralKey":"BfymH/kXW4YdMX6P1LID88c89Q6KMPGlGMN0jUfxE4AH","previousCounter":0,"rootKey":"wcNgSEkJ3oDKJiRaOxkt+k6AwzZfSR+3ssmgyQOvwm0="},"indexInfo":{"baseKey":"Bfi8eP8DDPzruq50lHzgCwZrM6ddpr1XKdhcbDDoRsxp","baseKeyType":2,"closed":-1,"used":1739594567484,"created":1739594567484,"remoteIdentityKey":"BeeTD2SoO/8xsuRzYjVbujKaZillLc5WLm7s3TedXUh+"},"_chains":{"BfymH/kXW4YdMX6P1LID88c89Q6KMPGlGMN0jUfxE4AH":{"chainKey":{"counter":7,"key":"Sg2Dfkn2ogNHLUWX6EzpVKwDNQliuei7Hb1jQq6jlHE="},"chainType":2,"messageKeys":{}},"BeQT4GdaSXYdYA8a73AEeod+ZUldUkvysEs4lNT0Nr5E":{"chainKey":{"counter":-1,"key":"XP20RiK0V/cT90ompj6yvNIyWXkW8uZxbIQqWdwt2Hc="},"chainType":1,"messageKeys":{}}}}},"version":"v1"}